filename,width,height,class,xmin,ymin,xmax,ymax
ems_env_001.jpg,256,256,enveloped,74,50,98,71
ems_env_002.jpg,256,256,enveloped,73,49,93,69
ems_env_003.jpg,256,256,enveloped,72,50,93,70
ems_env_004.jpg,256,256,enveloped,235,194,249,207
ems_env_004.jpg,256,256,enveloped,191,217,204,229
ems_env_004.jpg,256,256,enveloped,177,218,190,230
ems_env_004.jpg,256,256,enveloped,82,223,95,234
ems_env_005.jpg,256,256,enveloped,235,195,249,207
ems_env_005.jpg,256,256,enveloped,192,217,204,229
ems_env_005.jpg,256,256,enveloped,178,218,190,230
ems_env_005.jpg,256,256,enveloped,74,222,90,234
ems_env_006.jpg,256,256,enveloped,235,195,249,207
ems_env_006.jpg,256,256,enveloped,191,217,204,229
ems_env_006.jpg,256,256,enveloped,178,218,190,231
ems_env_006.jpg,256,256,enveloped,74,222,90,234
ems_env_007.jpg,256,256,enveloped,235,194,249,207
ems_env_007.jpg,256,256,enveloped,191,217,204,229
ems_env_007.jpg,256,256,enveloped,177,218,190,231
ems_env_007.jpg,256,256,enveloped,74,222,91,234
ems_env_008.jpg,256,256,enveloped,235,194,249,207
ems_env_008.jpg,256,256,enveloped,191,217,204,229
ems_env_008.jpg,256,256,enveloped,177,218,190,231
ems_env_008.jpg,256,256,enveloped,74,222,91,235
ems_env_009.jpg,256,256,enveloped,235,193,249,206
ems_env_009.jpg,256,256,enveloped,192,218,204,229
ems_env_009.jpg,256,256,enveloped,74,222,90,234
ems_env_010.jpg,256,256,enveloped,235,195,249,207
ems_env_010.jpg,256,256,enveloped,191,217,204,229
ems_env_010.jpg,256,256,enveloped,177,218,190,231
ems_env_010.jpg,256,256,enveloped,74,223,93,234
ems_env_011.jpg,256,256,enveloped,200,140,212,152
ems_env_011.jpg,256,256,enveloped,235,194,249,207
ems_env_011.jpg,256,256,enveloped,192,217,205,229
ems_env_011.jpg,256,256,enveloped,177,219,190,230
ems_env_011.jpg,256,256,enveloped,74,223,90,235
ems_env_012.jpg,256,256,enveloped,235,195,249,207
ems_env_012.jpg,256,256,enveloped,192,217,204,229
ems_env_012.jpg,256,256,enveloped,177,218,190,231
ems_env_012.jpg,256,256,enveloped,74,223,90,235
ems_env_013.jpg,256,256,enveloped,131,195,144,207
ems_env_013.jpg,256,256,enveloped,235,195,249,207
ems_env_013.jpg,256,256,enveloped,192,217,204,229
ems_env_013.jpg,256,256,enveloped,178,219,190,230
ems_env_013.jpg,256,256,enveloped,74,222,91,234
ems_env_014.jpg,256,256,enveloped,70,50,92,70
ems_env_015.jpg,256,256,enveloped,132,195,144,207
ems_env_015.jpg,256,256,enveloped,235,195,249,207
ems_env_015.jpg,256,256,enveloped,191,217,204,229
ems_env_015.jpg,256,256,enveloped,177,218,190,231
ems_env_015.jpg,256,256,enveloped,73,223,90,234
ems_env_016.jpg,256,256,enveloped,235,194,249,207
ems_env_016.jpg,256,256,enveloped,191,217,204,229
ems_env_016.jpg,256,256,enveloped,178,218,190,230
ems_env_017.jpg,256,256,enveloped,235,195,249,207
ems_env_017.jpg,256,256,enveloped,192,217,204,229
ems_env_017.jpg,256,256,enveloped,177,219,190,231
ems_env_018.jpg,256,256,enveloped,235,194,249,207
ems_env_018.jpg,256,256,enveloped,132,195,144,207
ems_env_018.jpg,256,256,enveloped,191,217,204,229
ems_env_018.jpg,256,256,enveloped,178,218,190,230
ems_env_018.jpg,256,256,enveloped,74,222,91,234
ems_env_019.jpg,256,256,enveloped,235,197,248,209
ems_env_019.jpg,256,256,enveloped,191,217,204,229
ems_env_019.jpg,256,256,enveloped,177,218,190,231
ems_env_019.jpg,256,256,enveloped,74,222,90,234
ems_env_020.jpg,256,256,enveloped,198,142,211,153
ems_env_020.jpg,256,256,enveloped,235,195,249,207
ems_env_020.jpg,256,256,enveloped,191,217,204,229
ems_env_020.jpg,256,256,enveloped,177,218,190,231
ems_env_020.jpg,256,256,enveloped,74,223,90,235
ems_env_021.jpg,256,256,enveloped,235,195,249,207
ems_env_021.jpg,256,256,enveloped,177,219,190,231
ems_env_021.jpg,256,256,enveloped,74,222,91,235
ems_env_022.jpg,256,256,enveloped,235,189,249,201
ems_env_022.jpg,256,256,enveloped,192,217,204,229
ems_env_022.jpg,256,256,enveloped,177,218,190,231
ems_env_022.jpg,256,256,enveloped,74,222,90,235
ems_env_023.jpg,256,256,enveloped,235,194,249,207
ems_env_023.jpg,256,256,enveloped,191,217,204,229
ems_env_023.jpg,256,256,enveloped,178,218,190,230
ems_env_023.jpg,256,256,enveloped,74,222,91,234
ems_env_024.jpg,256,256,enveloped,235,194,249,207
ems_env_024.jpg,256,256,enveloped,132,195,144,207
ems_env_024.jpg,256,256,enveloped,191,217,204,229
ems_env_024.jpg,256,256,enveloped,177,218,190,231
ems_env_025.jpg,256,256,enveloped,71,50,92,71
ems_env_026.jpg,256,256,enveloped,235,195,249,207
ems_env_026.jpg,256,256,enveloped,191,217,204,229
ems_env_026.jpg,256,256,enveloped,177,218,190,231
ems_env_026.jpg,256,256,enveloped,74,222,91,234
ems_env_027.jpg,256,256,enveloped,235,195,249,207
ems_env_027.jpg,256,256,enveloped,177,219,190,231
ems_env_027.jpg,256,256,enveloped,74,222,90,234
ems_env_028.jpg,256,256,enveloped,235,194,249,207
ems_env_028.jpg,256,256,enveloped,132,195,144,207
ems_env_028.jpg,256,256,enveloped,191,217,204,229
ems_env_028.jpg,256,256,enveloped,177,218,190,231
ems_env_028.jpg,256,256,enveloped,74,222,91,234
ems_env_029.jpg,256,256,enveloped,235,191,248,204
ems_env_029.jpg,256,256,enveloped,191,217,204,229
ems_env_029.jpg,256,256,enveloped,74,222,91,234
ems_env_030.jpg,256,256,enveloped,131,195,144,207
ems_env_030.jpg,256,256,enveloped,235,195,249,207
ems_env_030.jpg,256,256,enveloped,191,217,204,229
ems_env_030.jpg,256,256,enveloped,177,218,190,231
ems_env_030.jpg,256,256,enveloped,74,222,90,234
ems_env_031.jpg,256,256,enveloped,235,195,249,207
ems_env_031.jpg,256,256,enveloped,192,217,204,229
ems_env_031.jpg,256,256,enveloped,177,219,190,230
ems_env_031.jpg,256,256,enveloped,74,222,90,234
ems_env_032.jpg,256,256,enveloped,131,195,144,207
ems_env_032.jpg,256,256,enveloped,235,195,249,207
ems_env_032.jpg,256,256,enveloped,191,217,204,229
ems_env_032.jpg,256,256,enveloped,176,218,190,231
ems_env_032.jpg,256,256,enveloped,74,222,91,234
ems_env_033.jpg,256,256,enveloped,235,191,248,204
ems_env_033.jpg,256,256,enveloped,132,195,144,207
ems_env_033.jpg,256,256,enveloped,192,217,204,229
ems_env_033.jpg,256,256,enveloped,178,219,190,231
ems_env_033.jpg,256,256,enveloped,74,222,90,235
ems_env_034.jpg,256,256,enveloped,235,194,249,207
ems_env_034.jpg,256,256,enveloped,133,196,145,208
ems_env_034.jpg,256,256,enveloped,191,217,204,229
ems_env_034.jpg,256,256,enveloped,178,218,190,230
ems_env_034.jpg,256,256,enveloped,74,222,90,234
ems_env_035.jpg,256,256,enveloped,197,138,213,151
ems_env_035.jpg,256,256,enveloped,132,195,144,207
ems_env_035.jpg,256,256,enveloped,235,195,249,207
ems_env_035.jpg,256,256,enveloped,191,217,204,229
ems_env_035.jpg,256,256,enveloped,178,218,190,230
ems_env_035.jpg,256,256,enveloped,73,223,89,234
ems_env_036.jpg,256,256,enveloped,70,50,92,71
ems_env_037.jpg,256,256,enveloped,235,195,249,207
ems_env_037.jpg,256,256,enveloped,191,217,204,229
ems_env_037.jpg,256,256,enveloped,177,218,190,231
ems_env_037.jpg,256,256,enveloped,74,222,91,234
ems_env_038.jpg,256,256,enveloped,189,184,201,196
ems_env_038.jpg,256,256,enveloped,235,189,249,201
ems_env_038.jpg,256,256,enveloped,191,217,204,229
ems_env_038.jpg,256,256,enveloped,74,223,91,234
ems_env_039.jpg,256,256,enveloped,235,194,249,207
ems_env_039.jpg,256,256,enveloped,132,195,144,207
ems_env_039.jpg,256,256,enveloped,191,217,204,229
ems_env_039.jpg,256,256,enveloped,177,218,190,231
ems_env_039.jpg,256,256,enveloped,74,222,90,234
ems_env_040.jpg,256,256,enveloped,200,140,213,151
ems_env_040.jpg,256,256,enveloped,235,194,249,207
ems_env_040.jpg,256,256,enveloped,132,195,144,207
ems_env_040.jpg,256,256,enveloped,191,217,204,229
ems_env_040.jpg,256,256,enveloped,178,218,190,230
ems_env_040.jpg,256,256,enveloped,74,223,91,235
ems_bud__001.jpg,256,256,budding,172,60,185,72
ems_bud__001.jpg,256,256,budding,153,74,174,99
ems_bud__001.jpg,256,256,budding,181,86,208,110
ems_bud__001.jpg,256,256,budding,133,203,147,216
ems_bud__002.jpg,256,256,budding,171,103,185,116
ems_bud__002.jpg,256,256,budding,157,120,172,144
ems_bud__002.jpg,256,256,budding,179,129,208,155
ems_bud__002.jpg,256,256,budding,166,155,182,184
ems_bud__002.jpg,256,256,budding,78,162,92,176
ems_bud__002.jpg,256,256,budding,190,169,213,196
ems_bud__002.jpg,256,256,budding,19,202,33,216
ems_bud__003.jpg,256,256,budding,190,98,203,112
ems_bud__003.jpg,256,256,budding,176,116,189,129
ems_bud__003.jpg,256,256,budding,42,145,65,170
ems_bud__003.jpg,256,256,budding,123,176,145,198
ems_bud__003.jpg,256,256,budding,26,181,41,193
ems_bud__003.jpg,256,256,budding,152,185,174,208
ems_bud__003.jpg,256,256,budding,38,207,59,231
ems_bud__004.jpg,256,256,budding,149,20,162,32
ems_bud__004.jpg,256,256,budding,20,95,37,108
ems_bud__004.jpg,256,256,budding,100,141,115,158
ems_bud__004.jpg,256,256,budding,25,169,40,190
ems_bud__004.jpg,256,256,budding,184,196,197,209
ems_bud__004.jpg,256,256,budding,39,199,57,215
ems_bud__005.jpg,256,256,budding,141,20,154,32
ems_bud__005.jpg,256,256,budding,20,50,34,62
ems_bud__005.jpg,256,256,budding,38,70,51,86
ems_bud__005.jpg,256,256,budding,81,116,95,129
ems_bud__005.jpg,256,256,budding,97,142,111,158
ems_bud__005.jpg,256,256,budding,67,159,89,183
ems_bud__005.jpg,256,256,budding,85,196,101,213
ems_bud__005.jpg,256,256,budding,20,211,34,222
ems_bud__006.jpg,256,256,budding,82,19,95,31
ems_bud__006.jpg,256,256,budding,128,67,145,89
ems_bud__006.jpg,256,256,budding,106,75,122,92
ems_bud__006.jpg,256,256,budding,20,98,34,111
ems_bud__006.jpg,256,256,budding,43,110,57,124
ems_bud__006.jpg,256,256,budding,26,179,42,200
ems_bud__006.jpg,256,256,budding,37,210,59,236
ems_bud__007.jpg,256,256,budding,130,20,142,31
ems_bud__007.jpg,256,256,budding,169,67,182,90
ems_bud__007.jpg,256,256,budding,188,79,206,103
ems_bud__007.jpg,256,256,budding,173,102,186,133
ems_bud__007.jpg,256,256,budding,192,118,214,144
ems_bud__007.jpg,256,256,budding,93,139,106,153
ems_bud__007.jpg,256,256,budding,85,157,98,172
ems_bud__007.jpg,256,256,budding,105,161,130,185
ems_bud__007.jpg,256,256,budding,124,196,142,209
ems_bud__007.jpg,256,256,budding,19,206,34,219
ems_bud__008.jpg,256,256,budding,127,19,141,32
ems_bud__008.jpg,256,256,budding,26,129,40,150
ems_bud__008.jpg,256,256,budding,76,131,95,153
ems_bud__008.jpg,256,256,budding,36,161,52,179
ems_bud__008.jpg,256,256,budding,98,163,118,180
ems_bud__008.jpg,256,256,budding,174,177,188,191
ems_bud__008.jpg,256,256,budding,181,200,199,212
ems_bud__008.jpg,256,256,budding,20,203,35,217
ems_bud__009.jpg,256,256,budding,25,38,39,51
ems_bud__009.jpg,256,256,budding,37,61,60,88
ems_bud__009.jpg,256,256,budding,61,96,73,109
ems_bud__009.jpg,256,256,budding,37,119,56,140
ems_bud__009.jpg,256,256,budding,54,157,68,179
ems_bud__009.jpg,256,256,budding,76,168,97,193
ems_bud__009.jpg,256,256,budding,182,190,198,205
ems_bud__010.jpg,256,256,budding,25,62,38,87
ems_bud__010.jpg,256,256,budding,41,83,70,107
ems_bud__010.jpg,256,256,budding,20,116,33,128
ems_bud__010.jpg,256,256,budding,173,174,196,200
ems_bud__010.jpg,256,256,budding,26,202,45,217
ems_bud__011.jpg,256,256,budding,44,20,57,32
ems_bud__011.jpg,256,256,budding,129,20,142,31
ems_bud__011.jpg,256,256,budding,125,86,144,107
ems_bud__011.jpg,256,256,budding,39,113,53,128
ems_bud__011.jpg,256,256,budding,104,144,118,158
ems_bud__012.jpg,256,256,budding,45,20,59,33
ems_bud__012.jpg,256,256,budding,27,43,40,57
ems_bud__012.jpg,256,256,budding,37,68,59,93
ems_bud__012.jpg,256,256,budding,134,102,148,115
ems_bud__012.jpg,256,256,budding,59,105,73,118
ems_bud__012.jpg,256,256,budding,149,126,162,138
ems_bud__012.jpg,256,256,budding,138,178,161,201
ems_bud__013.jpg,256,256,budding,161,20,174,31
ems_bud__013.jpg,256,256,budding,182,79,208,104
ems_bud__013.jpg,256,256,budding,66,93,80,106
ems_bud__013.jpg,256,256,budding,170,108,183,133
ems_bud__013.jpg,256,256,budding,190,117,214,144
ems_bud__013.jpg,256,256,budding,129,128,142,142
ems_bud__013.jpg,256,256,budding,115,144,129,166
ems_bud__013.jpg,256,256,budding,60,147,73,162
ems_bud__013.jpg,256,256,budding,138,152,174,176
ems_bud__013.jpg,256,256,budding,71,164,91,190
ems_bud__013.jpg,256,256,budding,23,198,38,213
ems_bud__014.jpg,256,256,budding,174,74,209,100
ems_bud__014.jpg,256,256,budding,175,137,187,150
ems_bud__014.jpg,256,256,budding,77,151,101,177
ems_bud__014.jpg,256,256,budding,39,162,52,175
ems_bud__014.jpg,256,256,budding,27,194,42,212
ems_bud__015.jpg,256,256,budding,26,87,41,106
ems_bud__015.jpg,256,256,budding,85,113,115,139
ems_bud__015.jpg,256,256,budding,188,188,204,201
ems_bud__015.jpg,256,256,budding,20,203,34,218
ems_bud__016.jpg,256,256,budding,21,61,35,74
ems_bud__016.jpg,256,256,budding,106,88,119,100
ems_bud__016.jpg,256,256,budding,27,132,41,152
ems_bud__016.jpg,256,256,budding,61,150,74,164
ems_bud__016.jpg,256,256,budding,28,164,42,178
ems_bud__016.jpg,256,256,budding,38,188,54,202
ems_bud__016.jpg,256,256,budding,50,222,65,237
ems_bud__017.jpg,256,256,budding,26,100,41,122
ems_bud__017.jpg,256,256,budding,175,114,188,136
ems_bud__017.jpg,256,256,budding,195,121,225,149
ems_bud__017.jpg,256,256,budding,36,132,57,160
ems_bud__017.jpg,256,256,budding,57,172,72,192
ems_bud__017.jpg,256,256,budding,20,199,36,217
ems_bud__018.jpg,256,256,budding,44,89,58,103
ems_bud__018.jpg,256,256,budding,158,103,176,118
ems_bud__018.jpg,256,256,budding,146,120,166,163
ems_bud__018.jpg,256,256,budding,169,131,198,161
ems_bud__018.jpg,256,256,budding,130,133,142,152
ems_bud__019.jpg,256,256,budding,122,20,135,32
ems_bud__019.jpg,256,256,budding,26,42,41,55
ems_bud__019.jpg,256,256,budding,35,65,64,91
ems_bud__019.jpg,256,256,budding,120,71,135,86
ems_bud__019.jpg,256,256,budding,141,98,156,112
ems_bud__019.jpg,256,256,budding,33,142,49,164
ems_bud__019.jpg,256,256,budding,44,175,70,201
ems_bud__019.jpg,256,256,budding,129,193,144,206
ems_bud__020.jpg,256,256,budding,189,64,205,79
ems_bud__020.jpg,256,256,budding,177,83,189,97
ems_bud__020.jpg,256,256,budding,201,91,218,105
ems_bud__020.jpg,256,256,budding,188,145,202,158
ems_bud__020.jpg,256,256,budding,177,161,191,183
ems_bud__020.jpg,256,256,budding,197,170,220,194
ems_bud__021.jpg,256,256,budding,209,22,222,35
ems_bud__021.jpg,256,256,budding,44,81,58,100
ems_bud__021.jpg,256,256,budding,132,105,144,120
ems_bud__021.jpg,256,256,budding,149,110,168,135
ems_bud__021.jpg,256,256,budding,26,114,42,126
ems_bud__021.jpg,256,256,budding,61,116,74,128
ems_bud__021.jpg,256,256,budding,42,137,59,156
ems_bud__021.jpg,256,256,budding,71,139,94,164
ems_bud__021.jpg,256,256,budding,27,171,41,188
ems_bud__021.jpg,256,256,budding,38,206,54,223
ems_bud__022.jpg,256,256,budding,165,21,179,34
ems_bud__022.jpg,256,256,budding,188,71,212,96
ems_bud__022.jpg,256,256,budding,26,92,40,105
ems_bud__022.jpg,256,256,budding,133,113,147,126
ems_bud__022.jpg,256,256,budding,120,129,137,143
ems_bud__022.jpg,256,256,budding,153,139,174,162
ems_bud__022.jpg,256,256,budding,27,166,42,186
ems_bud__022.jpg,256,256,budding,39,197,58,217
ems_bud__023.jpg,256,256,budding,87,72,110,89
ems_bud__023.jpg,256,256,budding,77,91,94,111
ems_bud__023.jpg,256,256,budding,102,101,130,126
ems_bud__023.jpg,256,256,budding,20,103,34,120
ems_bud__023.jpg,256,256,budding,150,198,162,210
ems_bud__024.jpg,256,256,budding,170,20,182,32
ems_bud__024.jpg,256,256,budding,48,73,74,93
ems_bud__024.jpg,256,256,budding,193,97,214,121
ems_bud__024.jpg,256,256,budding,68,103,83,134
ems_bud__024.jpg,256,256,budding,90,121,114,146
ems_bud__024.jpg,256,256,budding,203,130,224,150
ems_bud__024.jpg,256,256,budding,20,142,41,164
ems_bud__024.jpg,256,256,budding,115,162,129,176
ems_bud__024.jpg,256,256,budding,37,166,59,191
ems_bud__024.jpg,256,256,budding,19,205,35,218
ems_bud__025.jpg,256,256,budding,38,42,58,69
ems_bud__025.jpg,256,256,budding,27,77,42,94
ems_bud__025.jpg,256,256,budding,166,100,179,114
ems_bud__025.jpg,256,256,budding,41,103,60,122
ems_bud__025.jpg,256,256,budding,129,104,142,125
ems_bud__025.jpg,256,256,budding,149,115,168,140
ems_bud__025.jpg,256,256,budding,175,132,195,157
ems_bud__025.jpg,256,256,budding,20,170,35,184
ems_bud__026.jpg,256,256,budding,179,68,192,87
ems_bud__026.jpg,256,256,budding,199,82,217,103
ems_bud__026.jpg,256,256,budding,138,100,152,120
ems_bud__026.jpg,256,256,budding,193,122,219,148
ems_bud__026.jpg,256,256,budding,150,133,164,147
ems_bud__026.jpg,256,256,budding,20,204,34,218
ems_bud__027.jpg,256,256,budding,85,20,98,33
ems_bud__027.jpg,256,256,budding,39,87,58,108
ems_bud__027.jpg,256,256,budding,140,204,155,219
ems_bud__028.jpg,256,256,budding,181,84,194,104
ems_bud__028.jpg,256,256,budding,199,91,216,116
ems_bud__029.jpg,256,256,budding,190,89,204,102
ems_bud__029.jpg,256,256,budding,175,104,193,127
ems_bud__029.jpg,256,256,budding,200,116,224,141
ems_bud__029.jpg,256,256,budding,28,117,43,140
ems_bud__029.jpg,256,256,budding,97,126,124,151
ems_bud__029.jpg,256,256,budding,38,149,58,174
ems_bud__029.jpg,256,256,budding,85,153,97,165
ems_bud__029.jpg,256,256,budding,110,162,131,184
ems_bud__029.jpg,256,256,budding,20,200,32,213
ems_bud__030.jpg,256,256,budding,26,69,42,81
ems_bud__030.jpg,256,256,budding,36,92,53,106
ems_bud__030.jpg,256,256,budding,173,116,200,140
ems_bud__030.jpg,256,256,budding,162,139,177,157
ems_bud__030.jpg,256,256,budding,187,152,206,174
ems_bud__030.jpg,256,256,budding,19,204,34,218
ems_nak_001.jpg,256,256,naked,60,20,76,35
ems_nak_001.jpg,256,256,naked,127,22,141,38
ems_nak_001.jpg,256,256,naked,173,24,187,39
ems_nak_001.jpg,256,256,naked,23,45,38,60
ems_nak_001.jpg,256,256,naked,45,48,60,63
ems_nak_001.jpg,256,256,naked,78,61,91,74
ems_nak_001.jpg,256,256,naked,166,66,181,81
ems_nak_001.jpg,256,256,naked,178,113,194,130
ems_nak_001.jpg,256,256,naked,170,134,186,150
ems_nak_001.jpg,256,256,naked,65,163,100,185
ems_nak_001.jpg,256,256,naked,178,172,194,186
ems_nak_001.jpg,256,256,naked,46,197,61,212
ems_nak_001.jpg,256,256,naked,136,219,166,236
ems_nak_002.jpg,256,256,naked,62,20,79,35
ems_nak_002.jpg,256,256,naked,173,24,187,38
ems_nak_002.jpg,256,256,naked,24,42,39,58
ems_nak_002.jpg,256,256,naked,47,47,63,63
ems_nak_002.jpg,256,256,naked,112,57,127,72
ems_nak_002.jpg,256,256,naked,166,57,182,72
ems_nak_002.jpg,256,256,naked,143,84,178,107
ems_nak_002.jpg,256,256,naked,27,104,57,126
ems_nak_002.jpg,256,256,naked,5,114,19,128
ems_nak_002.jpg,256,256,naked,146,134,159,148
ems_nak_002.jpg,256,256,naked,174,144,191,159
ems_nak_002.jpg,256,256,naked,27,151,40,165
ems_nak_002.jpg,256,256,naked,4,156,19,171
ems_nak_002.jpg,256,256,naked,68,157,88,181
ems_nak_002.jpg,256,256,naked,179,175,194,189
ems_nak_002.jpg,256,256,naked,47,197,62,212
ems_nak_002.jpg,256,256,naked,136,219,166,236
ems_nak_003.jpg,256,256,naked,60,20,75,35
ems_nak_003.jpg,256,256,naked,147,24,162,38
ems_nak_003.jpg,256,256,naked,23,44,38,59
ems_nak_003.jpg,256,256,naked,45,48,60,62
ems_nak_003.jpg,256,256,naked,105,65,120,80
ems_nak_003.jpg,256,256,naked,136,74,151,90
ems_nak_003.jpg,256,256,naked,44,89,62,104
ems_nak_003.jpg,256,256,naked,122,102,137,118
ems_nak_003.jpg,256,256,naked,172,103,186,117
ems_nak_003.jpg,256,256,naked,76,106,91,121
ems_nak_003.jpg,256,256,naked,27,112,42,129
ems_nak_003.jpg,256,256,naked,4,115,19,131
ems_nak_003.jpg,256,256,naked,44,139,58,154
ems_nak_003.jpg,256,256,naked,27,157,43,173
ems_nak_003.jpg,256,256,naked,118,160,133,175
ems_nak_003.jpg,256,256,naked,167,165,193,186
ems_nak_003.jpg,256,256,naked,140,167,159,183
ems_nak_003.jpg,256,256,naked,47,198,63,212
ems_nak_003.jpg,256,256,naked,136,219,166,236
ems_nak_004.jpg,256,256,naked,60,20,76,35
ems_nak_004.jpg,256,256,naked,171,27,187,43
ems_nak_004.jpg,256,256,naked,23,45,38,60
ems_nak_004.jpg,256,256,naked,45,48,61,63
ems_nak_004.jpg,256,256,naked,77,55,92,77
ems_nak_004.jpg,256,256,naked,155,60,170,75
ems_nak_004.jpg,256,256,naked,94,71,125,96
ems_nak_004.jpg,256,256,naked,112,97,124,113
ems_nak_004.jpg,256,256,naked,125,107,141,125
ems_nak_004.jpg,256,256,naked,42,132,58,150
ems_nak_004.jpg,256,256,naked,173,132,189,149
ems_nak_004.jpg,256,256,naked,79,139,92,155
ems_nak_004.jpg,256,256,naked,91,152,108,167
ems_nak_004.jpg,256,256,naked,179,171,194,186
ems_nak_004.jpg,256,256,naked,49,197,65,212
ems_nak_004.jpg,256,256,naked,136,219,166,236
ems_nak_005.jpg,256,256,naked,61,20,76,35
ems_nak_005.jpg,256,256,naked,172,24,187,39
ems_nak_005.jpg,256,256,naked,23,41,38,57
ems_nak_005.jpg,256,256,naked,46,48,62,63
ems_nak_005.jpg,256,256,naked,162,65,177,81
ems_nak_005.jpg,256,256,naked,80,68,96,83
ems_nak_005.jpg,256,256,naked,27,75,41,89
ems_nak_005.jpg,256,256,naked,4,80,19,95
ems_nak_005.jpg,256,256,naked,169,128,184,143
ems_nak_005.jpg,256,256,naked,177,154,193,170
ems_nak_005.jpg,256,256,naked,48,197,63,211
ems_nak_005.jpg,256,256,naked,136,219,166,236
ems_nak_006.jpg,256,256,naked,56,23,71,38
ems_nak_006.jpg,256,256,naked,89,24,105,39
ems_nak_006.jpg,256,256,naked,23,47,38,63
ems_nak_006.jpg,256,256,naked,45,50,60,66
ems_nak_006.jpg,256,256,naked,128,71,144,86
ems_nak_006.jpg,256,256,naked,59,93,74,109
ems_nak_006.jpg,256,256,naked,180,100,194,115
ems_nak_006.jpg,256,256,naked,162,120,177,136
ems_nak_006.jpg,256,256,naked,4,122,19,137
ems_nak_006.jpg,256,256,naked,80,124,96,141
ems_nak_006.jpg,256,256,naked,105,139,135,159
ems_nak_006.jpg,256,256,naked,175,140,189,156
ems_nak_006.jpg,256,256,naked,44,147,60,162
ems_nak_006.jpg,256,256,naked,179,172,194,186
ems_nak_006.jpg,256,256,naked,47,198,62,212
ems_nak_006.jpg,256,256,naked,136,219,166,236
ems_nak_007.jpg,256,256,naked,64,20,80,35
ems_nak_007.jpg,256,256,naked,174,24,188,39
ems_nak_007.jpg,256,256,naked,23,45,38,60
ems_nak_007.jpg,256,256,naked,47,48,63,63
ems_nak_007.jpg,256,256,naked,167,58,183,75
ems_nak_007.jpg,256,256,naked,112,63,127,80
ems_nak_007.jpg,256,256,naked,171,107,185,121
ems_nak_007.jpg,256,256,naked,42,115,58,132
ems_nak_007.jpg,256,256,naked,27,135,42,153
ems_nak_007.jpg,256,256,naked,172,139,187,155
ems_nak_007.jpg,256,256,naked,4,141,19,158
ems_nak_007.jpg,256,256,naked,111,168,130,187
ems_nak_007.jpg,256,256,naked,47,196,62,211
ems_nak_007.jpg,256,256,naked,136,219,166,236
ems_nak_008.jpg,256,256,naked,61,20,76,36
ems_nak_008.jpg,256,256,naked,145,22,159,35
ems_nak_008.jpg,256,256,naked,172,24,187,39
ems_nak_008.jpg,256,256,naked,23,48,38,63
ems_nak_008.jpg,256,256,naked,45,52,60,67
ems_nak_008.jpg,256,256,naked,169,64,187,82
ems_nak_008.jpg,256,256,naked,107,67,122,82
ems_nak_008.jpg,256,256,naked,26,99,52,119
ems_nak_008.jpg,256,256,naked,4,108,19,124
ems_nak_008.jpg,256,256,naked,174,110,188,126
ems_nak_008.jpg,256,256,naked,44,113,58,130
ems_nak_008.jpg,256,256,naked,80,118,116,157
ems_nak_008.jpg,256,256,naked,165,128,178,142
ems_nak_008.jpg,256,256,naked,176,171,192,186
ems_nak_008.jpg,256,256,naked,47,197,63,212
ems_nak_008.jpg,256,256,naked,136,219,167,236
ems_nak_009.jpg,256,256,naked,60,20,76,35
ems_nak_009.jpg,256,256,naked,172,24,187,39
ems_nak_009.jpg,256,256,naked,23,45,38,60
ems_nak_009.jpg,256,256,naked,45,48,60,63
ems_nak_009.jpg,256,256,naked,159,48,183,81
ems_nak_009.jpg,256,256,naked,81,67,126,102
ems_nak_009.jpg,256,256,naked,150,92,166,108
ems_nak_009.jpg,256,256,naked,73,96,93,121
ems_nak_009.jpg,256,256,naked,4,101,18,114
ems_nak_009.jpg,256,256,naked,137,111,152,125
ems_nak_009.jpg,256,256,naked,176,144,191,160
ems_nak_009.jpg,256,256,naked,107,147,161,182
ems_nak_009.jpg,256,256,naked,184,174,199,188
ems_nak_009.jpg,256,256,naked,46,197,62,212
ems_nak_009.jpg,256,256,naked,136,219,166,236
ems_nak_010.jpg,256,256,naked,60,20,76,35
ems_nak_010.jpg,256,256,naked,23,45,38,60
ems_nak_010.jpg,256,256,naked,45,47,60,62
ems_nak_010.jpg,256,256,naked,181,49,195,62
ems_nak_010.jpg,256,256,naked,133,88,148,103
ems_nak_010.jpg,256,256,naked,166,109,190,138
ems_nak_010.jpg,256,256,naked,27,132,55,152
ems_nak_010.jpg,256,256,naked,114,136,129,151
ems_nak_010.jpg,256,256,naked,4,141,18,156
ems_nak_010.jpg,256,256,naked,155,159,170,174
ems_nak_010.jpg,256,256,naked,175,172,191,186
ems_nak_010.jpg,256,256,naked,47,197,63,212
ems_nak_010.jpg,256,256,naked,136,219,166,236
ems_nak_011.jpg,256,256,naked,61,20,76,36
ems_nak_011.jpg,256,256,naked,176,24,191,40
ems_nak_011.jpg,256,256,naked,94,33,166,132
ems_nak_011.jpg,256,256,naked,23,45,38,60
ems_nak_011.jpg,256,256,naked,45,48,60,63
ems_nak_011.jpg,256,256,naked,170,62,184,80
ems_nak_011.jpg,256,256,naked,41,93,58,108
ems_nak_011.jpg,256,256,naked,74,105,105,138
ems_nak_011.jpg,256,256,naked,173,112,189,141
ems_nak_011.jpg,256,256,naked,155,129,179,159
ems_nak_011.jpg,256,256,naked,180,175,195,189
ems_nak_011.jpg,256,256,naked,47,197,63,212
ems_nak_011.jpg,256,256,naked,136,219,167,236
ems_nak_012.jpg,256,256,naked,61,20,76,35
ems_nak_012.jpg,256,256,naked,172,24,187,40
ems_nak_012.jpg,256,256,naked,23,43,38,59
ems_nak_012.jpg,256,256,naked,45,46,60,61
ems_nak_012.jpg,256,256,naked,91,60,105,75
ems_nak_012.jpg,256,256,naked,130,62,143,77
ems_nak_012.jpg,256,256,naked,145,65,177,85
ems_nak_012.jpg,256,256,naked,75,98,90,114
ems_nak_012.jpg,256,256,naked,176,98,190,113
ems_nak_012.jpg,256,256,naked,104,112,136,129
ems_nak_012.jpg,256,256,naked,174,126,188,142
ems_nak_012.jpg,256,256,naked,151,159,167,175
ems_nak_012.jpg,256,256,naked,4,165,16,180
ems_nak_012.jpg,256,256,naked,178,171,194,186
ems_nak_012.jpg,256,256,naked,48,193,63,208
ems_nak_012.jpg,256,256,naked,135,219,166,236
ems_nak_013.jpg,256,256,naked,61,20,76,35
ems_nak_013.jpg,256,256,naked,172,24,187,39
ems_nak_013.jpg,256,256,naked,23,45,38,60
ems_nak_013.jpg,256,256,naked,45,48,60,62
ems_nak_013.jpg,256,256,naked,150,62,178,83
ems_nak_013.jpg,256,256,naked,91,67,105,82
ems_nak_013.jpg,256,256,naked,40,86,56,101
ems_nak_013.jpg,256,256,naked,72,88,87,103
ems_nak_013.jpg,256,256,naked,27,103,42,119
ems_nak_013.jpg,256,256,naked,169,103,185,122
ems_nak_013.jpg,256,256,naked,4,111,18,128
ems_nak_013.jpg,256,256,naked,130,120,145,136
ems_nak_013.jpg,256,256,naked,179,168,195,183
ems_nak_013.jpg,256,256,naked,48,197,63,211
ems_nak_013.jpg,256,256,naked,136,218,166,236
ems_nak_014.jpg,256,256,naked,59,20,76,35
ems_nak_014.jpg,256,256,naked,168,27,183,42
ems_nak_014.jpg,256,256,naked,22,45,37,60
ems_nak_014.jpg,256,256,naked,44,48,59,63
ems_nak_014.jpg,256,256,naked,107,57,122,71
ems_nak_014.jpg,256,256,naked,151,74,166,89
ems_nak_014.jpg,256,256,naked,92,79,108,94
ems_nak_014.jpg,256,256,naked,43,104,57,119
ems_nak_014.jpg,256,256,naked,172,107,187,123
ems_nak_014.jpg,256,256,naked,26,124,44,140
ems_nak_014.jpg,256,256,naked,97,125,112,140
ems_nak_014.jpg,256,256,naked,4,128,18,144
ems_nak_014.jpg,256,256,naked,170,148,186,164
ems_nak_014.jpg,256,256,naked,50,201,66,216
ems_nak_014.jpg,256,256,naked,136,218,166,236
ems_nak_015.jpg,256,256,naked,60,20,76,35
ems_nak_015.jpg,256,256,naked,23,45,38,60
ems_nak_015.jpg,256,256,naked,45,48,60,63
ems_nak_015.jpg,256,256,naked,140,66,155,81
ems_nak_015.jpg,256,256,naked,168,66,182,81
ems_nak_015.jpg,256,256,naked,85,70,108,98
ems_nak_015.jpg,256,256,naked,27,87,41,102
ems_nak_015.jpg,256,256,naked,4,93,19,108
ems_nak_015.jpg,256,256,naked,178,100,193,116
ems_nak_015.jpg,256,256,naked,40,125,55,140
ems_nak_015.jpg,256,256,naked,169,136,186,151
ems_nak_015.jpg,256,256,naked,179,172,194,186
ems_nak_015.jpg,256,256,naked,47,195,63,211
ems_nak_015.jpg,256,256,naked,136,219,167,236
ems_nak_016.jpg,256,256,naked,57,21,73,36
ems_nak_016.jpg,256,256,naked,176,24,190,38
ems_nak_016.jpg,256,256,naked,22,45,37,60
ems_nak_016.jpg,256,256,naked,160,46,184,71
ems_nak_016.jpg,256,256,naked,45,48,60,62
ems_nak_016.jpg,256,256,naked,79,67,93,82
ems_nak_016.jpg,256,256,naked,148,128,163,143
ems_nak_016.jpg,256,256,naked,40,138,57,153
ems_nak_016.jpg,256,256,naked,76,147,103,180
ems_nak_016.jpg,256,256,naked,179,168,195,183
ems_nak_016.jpg,256,256,naked,47,192,62,209
ems_nak_016.jpg,256,256,naked,136,219,166,236
ems_nak_017.jpg,256,256,naked,59,20,76,35
ems_nak_017.jpg,256,256,naked,108,28,123,44
ems_nak_017.jpg,256,256,naked,166,32,180,49
ems_nak_017.jpg,256,256,naked,23,45,38,59
ems_nak_017.jpg,256,256,naked,45,48,60,63
ems_nak_017.jpg,256,256,naked,86,75,101,90
ems_nak_017.jpg,256,256,naked,146,79,162,95
ems_nak_017.jpg,256,256,naked,177,114,192,131
ems_nak_017.jpg,256,256,naked,84,126,114,146
ems_nak_017.jpg,256,256,naked,175,139,190,155
ems_nak_017.jpg,256,256,naked,179,172,194,186
ems_nak_017.jpg,256,256,naked,50,197,66,212
ems_nak_017.jpg,256,256,naked,136,219,167,236
ems_nak_018.jpg,256,256,naked,58,20,74,35
ems_nak_018.jpg,256,256,naked,23,45,38,60
ems_nak_018.jpg,256,256,naked,45,48,60,63
ems_nak_018.jpg,256,256,naked,168,63,184,78
ems_nak_018.jpg,256,256,naked,109,73,156,110
ems_nak_018.jpg,256,256,naked,41,98,55,112
ems_nak_018.jpg,256,256,naked,176,114,190,130
ems_nak_018.jpg,256,256,naked,74,118,91,135
ems_nak_018.jpg,256,256,naked,93,119,121,140
ems_nak_018.jpg,256,256,naked,39,120,52,138
ems_nak_018.jpg,256,256,naked,170,137,187,154
ems_nak_018.jpg,256,256,naked,27,140,44,153
ems_nak_018.jpg,256,256,naked,152,158,174,170
ems_nak_018.jpg,256,256,naked,65,171,79,186
ems_nak_018.jpg,256,256,naked,179,171,194,186
ems_nak_018.jpg,256,256,naked,46,197,62,212
ems_nak_018.jpg,256,256,naked,136,219,166,236
ems_nak_019.jpg,256,256,naked,61,24,76,39
ems_nak_019.jpg,256,256,naked,23,48,38,64
ems_nak_019.jpg,256,256,naked,45,52,60,68
ems_nak_019.jpg,256,256,naked,117,56,133,71
ems_nak_019.jpg,256,256,naked,30,93,47,109
ems_nak_019.jpg,256,256,naked,152,99,167,116
ems_nak_019.jpg,256,256,naked,100,100,115,122
ems_nak_019.jpg,256,256,naked,168,116,184,133
ems_nak_019.jpg,256,256,naked,179,147,194,162
ems_nak_019.jpg,256,256,naked,179,171,195,186
ems_nak_019.jpg,256,256,naked,87,172,101,186
ems_nak_019.jpg,256,256,naked,47,197,62,212
ems_nak_019.jpg,256,256,naked,136,219,166,236
ems_nak_020.jpg,256,256,naked,61,20,76,36
ems_nak_020.jpg,256,256,naked,23,45,38,60
ems_nak_020.jpg,256,256,naked,45,48,60,63
ems_nak_020.jpg,256,256,naked,166,65,180,85
ems_nak_020.jpg,256,256,naked,135,95,152,114
ems_nak_020.jpg,256,256,naked,42,139,57,157
ems_nak_020.jpg,256,256,naked,121,150,135,165
ems_nak_020.jpg,256,256,naked,84,166,101,183
ems_nak_020.jpg,256,256,naked,179,168,195,183
ems_nak_020.jpg,256,256,naked,49,197,64,212
ems_nak_020.jpg,256,256,naked,136,219,166,236
ems_nak_021.jpg,256,256,naked,64,20,79,36
ems_nak_021.jpg,256,256,naked,177,24,192,42
ems_nak_021.jpg,256,256,naked,25,46,40,61
ems_nak_021.jpg,256,256,naked,47,48,62,63
ems_nak_021.jpg,256,256,naked,126,60,142,75
ems_nak_021.jpg,256,256,naked,110,75,124,89
ems_nak_021.jpg,256,256,naked,51,80,66,95
ems_nak_021.jpg,256,256,naked,73,99,105,121
ems_nak_021.jpg,256,256,naked,144,121,187,156
ems_nak_021.jpg,256,256,naked,42,128,58,142
ems_nak_021.jpg,256,256,naked,27,145,42,161
ems_nak_021.jpg,256,256,naked,4,152,19,167
ems_nak_021.jpg,256,256,naked,177,168,193,183
ems_nak_021.jpg,256,256,naked,50,198,66,212
ems_nak_021.jpg,256,256,naked,133,219,162,236
ems_nak_022.jpg,256,256,naked,60,20,76,35
ems_nak_022.jpg,256,256,naked,170,27,185,43
ems_nak_022.jpg,256,256,naked,23,45,38,60
ems_nak_022.jpg,256,256,naked,45,48,60,62
ems_nak_022.jpg,256,256,naked,107,60,122,77
ems_nak_022.jpg,256,256,naked,132,67,146,81
ems_nak_022.jpg,256,256,naked,175,92,189,108
ems_nak_022.jpg,256,256,naked,44,100,59,118
ems_nak_022.jpg,256,256,naked,162,111,187,141
ems_nak_022.jpg,256,256,naked,125,112,153,142
ems_nak_022.jpg,256,256,naked,74,135,96,168
ems_nak_022.jpg,256,256,naked,4,136,19,150
ems_nak_022.jpg,256,256,naked,178,173,193,188
ems_nak_022.jpg,256,256,naked,47,197,63,211
ems_nak_022.jpg,256,256,naked,134,219,166,236
ems_nak_023.jpg,256,256,naked,61,20,76,35
ems_nak_023.jpg,256,256,naked,156,24,179,40
ems_nak_023.jpg,256,256,naked,23,42,38,58
ems_nak_023.jpg,256,256,naked,45,46,60,61
ems_nak_023.jpg,256,256,naked,4,71,18,84
ems_nak_023.jpg,256,256,naked,139,92,161,110
ems_nak_023.jpg,256,256,naked,45,93,60,108
ems_nak_023.jpg,256,256,naked,168,97,184,115
ems_nak_023.jpg,256,256,naked,26,101,41,117
ems_nak_023.jpg,256,256,naked,4,109,18,123
ems_nak_023.jpg,256,256,naked,179,119,193,143
ems_nak_023.jpg,256,256,naked,92,133,136,152
ems_nak_023.jpg,256,256,naked,156,140,175,168
ems_nak_023.jpg,256,256,naked,179,171,194,186
ems_nak_023.jpg,256,256,naked,48,200,62,213
ems_nak_023.jpg,256,256,naked,136,219,166,236
ems_nak_024.jpg,256,256,naked,61,20,76,35
ems_nak_024.jpg,256,256,naked,172,24,187,39
ems_nak_024.jpg,256,256,naked,23,45,38,60
ems_nak_024.jpg,256,256,naked,45,48,61,63
ems_nak_024.jpg,256,256,naked,157,53,173,68
ems_nak_024.jpg,256,256,naked,122,73,151,93
ems_nak_024.jpg,256,256,naked,82,74,97,89
ems_nak_024.jpg,256,256,naked,28,93,43,109
ems_nak_024.jpg,256,256,naked,149,94,174,126
ems_nak_024.jpg,256,256,naked,4,99,19,114
ems_nak_024.jpg,256,256,naked,42,112,58,127
ems_nak_024.jpg,256,256,naked,94,112,110,127
ems_nak_024.jpg,256,256,naked,109,121,150,143
ems_nak_024.jpg,256,256,naked,154,127,187,147
ems_nak_024.jpg,256,256,naked,26,132,42,147
ems_nak_024.jpg,256,256,naked,4,137,20,152
ems_nak_024.jpg,256,256,naked,180,177,195,192
ems_nak_024.jpg,256,256,naked,48,195,63,211
ems_nak_024.jpg,256,256,naked,136,219,169,236
ems_nak_025.jpg,256,256,naked,66,20,83,35
ems_nak_025.jpg,256,256,naked,173,24,188,39
ems_nak_025.jpg,256,256,naked,25,45,40,60
ems_nak_025.jpg,256,256,naked,48,48,63,63
ems_nak_025.jpg,256,256,naked,170,100,187,119
ems_nak_025.jpg,256,256,naked,106,103,120,118
ems_nak_025.jpg,256,256,naked,147,103,172,137
ems_nak_025.jpg,256,256,naked,43,136,59,158
ems_nak_025.jpg,256,256,naked,181,171,196,186
ems_nak_025.jpg,256,256,naked,48,197,63,212
ems_nak_025.jpg,256,256,naked,136,219,166,236
ems_nak_026.jpg,256,256,naked,61,20,76,35
ems_nak_026.jpg,256,256,naked,172,24,187,41
ems_nak_026.jpg,256,256,naked,23,44,38,59
ems_nak_026.jpg,256,256,naked,45,48,61,63
ems_nak_026.jpg,256,256,naked,116,70,132,86
ems_nak_026.jpg,256,256,naked,4,79,18,94
ems_nak_026.jpg,256,256,naked,177,104,192,120
ems_nak_026.jpg,256,256,naked,164,127,189,150
ems_nak_026.jpg,256,256,naked,103,130,118,144
ems_nak_026.jpg,256,256,naked,4,153,19,168
ems_nak_026.jpg,256,256,naked,181,172,194,185
ems_nak_026.jpg,256,256,naked,47,198,63,212
ems_nak_026.jpg,256,256,naked,136,219,166,236
ems_nak_027.jpg,256,256,naked,61,20,76,35
ems_nak_027.jpg,256,256,naked,23,45,38,60
ems_nak_027.jpg,256,256,naked,45,48,61,64
ems_nak_027.jpg,256,256,naked,169,60,184,76
ems_nak_027.jpg,256,256,naked,80,71,104,101
ems_nak_027.jpg,256,256,naked,27,79,50,97
ems_nak_027.jpg,256,256,naked,4,84,19,100
ems_nak_027.jpg,256,256,naked,140,101,154,116
ems_nak_027.jpg,256,256,naked,64,136,79,151
ems_nak_027.jpg,256,256,naked,174,141,190,156
ems_nak_027.jpg,256,256,naked,98,147,116,162
ems_nak_027.jpg,256,256,naked,177,174,192,189
ems_nak_027.jpg,256,256,naked,51,197,68,212
ems_nak_027.jpg,256,256,naked,136,219,166,236
ems_nak_028.jpg,256,256,naked,63,20,79,35
ems_nak_028.jpg,256,256,naked,147,24,162,40
ems_nak_028.jpg,256,256,naked,173,26,188,41
ems_nak_028.jpg,256,256,naked,23,45,38,59
ems_nak_028.jpg,256,256,naked,46,48,63,64
ems_nak_028.jpg,256,256,naked,144,64,159,78
ems_nak_028.jpg,256,256,naked,87,89,107,115
ems_nak_028.jpg,256,256,naked,45,102,60,119
ems_nak_028.jpg,256,256,naked,27,119,42,135
ems_nak_028.jpg,256,256,naked,83,119,97,133
ems_nak_028.jpg,256,256,naked,4,124,18,139
ems_nak_028.jpg,256,256,naked,176,135,191,149
ems_nak_028.jpg,256,256,naked,88,158,102,174
ems_nak_028.jpg,256,256,naked,28,159,42,173
ems_nak_028.jpg,256,256,naked,5,166,19,181
ems_nak_028.jpg,256,256,naked,179,171,194,186
ems_nak_028.jpg,256,256,naked,48,197,63,212
ems_nak_028.jpg,256,256,naked,136,219,166,236
ems_nak_029.jpg,256,256,naked,59,20,75,35
ems_nak_029.jpg,256,256,naked,137,24,152,39
ems_nak_029.jpg,256,256,naked,23,47,38,63
ems_nak_029.jpg,256,256,naked,123,49,139,64
ems_nak_029.jpg,256,256,naked,45,50,60,64
ems_nak_029.jpg,256,256,naked,4,98,18,112
ems_nak_029.jpg,256,256,naked,36,98,50,111
ems_nak_029.jpg,256,256,naked,173,99,189,115
ems_nak_029.jpg,256,256,naked,113,103,136,133
ems_nak_029.jpg,256,256,naked,24,126,38,142
ems_nak_029.jpg,256,256,naked,137,130,168,149
ems_nak_029.jpg,256,256,naked,179,170,194,185
ems_nak_029.jpg,256,256,naked,48,199,63,213
ems_nak_029.jpg,256,256,naked,136,219,166,236
ems_nak_030.jpg,256,256,naked,66,20,83,35
ems_nak_030.jpg,256,256,naked,172,24,187,38
ems_nak_030.jpg,256,256,naked,25,45,40,59
ems_nak_030.jpg,256,256,naked,49,47,65,62
ems_nak_030.jpg,256,256,naked,164,59,179,75
ems_nak_030.jpg,256,256,naked,111,74,126,89
ems_nak_030.jpg,256,256,naked,27,85,42,102
ems_nak_030.jpg,256,256,naked,4,89,18,106
ems_nak_030.jpg,256,256,naked,177,104,192,120
ems_nak_030.jpg,256,256,naked,43,125,58,138
ems_nak_030.jpg,256,256,naked,79,132,92,152
ems_nak_030.jpg,256,256,naked,135,137,149,152
ems_nak_030.jpg,256,256,naked,145,157,159,172
ems_nak_030.jpg,256,256,naked,179,172,194,186
ems_nak_030.jpg,256,256,naked,48,197,63,212
ems_nak_030.jpg,256,256,naked,111,219,123,232
ems_nak_030.jpg,256,256,naked,142,220,171,238
em_001.jpg,512,512,naked,54,388,73,406
em_001.jpg,512,512,enveloped,150,129,168,145
em_001.jpg,512,512,budding,236,189,255,205
em_001.jpg,512,512,budding,309,165,326,181
em_001.jpg,512,512,naked,321,331,339,346
em_001.jpg,512,512,budding,468,265,485,281
em_001.jpg,512,512,budding,454,179,471,194
em_001.jpg,512,512,budding,406,180,424,195
em_001.jpg,512,512,budding,483,101,501,117
em_001.jpg,512,512,budding,256,84,273,99
em_001.jpg,512,512,budding,169,64,187,79
em_001.jpg,512,512,naked,86,0,101,15
em_001.jpg,512,512,budding,235,7,253,24
em_001.jpg,512,512,budding,243,34,261,52
em_001.jpg,512,512,budding,333,46,350,63
em_001.jpg,512,512,budding,385,8,403,26
em_001.jpg,512,512,budding,491,53,506,69
em_001.jpg,512,512,budding,278,21,297,38
em_001.jpg,512,512,enveloped,145,11,163,27
em_001.jpg,512,512,budding,301,53,320,69
em_001.jpg,512,512,budding,79,69,100,87
em_135.jpg,512,512,budding,180,41,202,62
em_135.jpg,512,512,budding,57,229,82,251
em_135.jpg,512,512,budding,57,248,82,270
em_135.jpg,512,512,enveloped,80,305,102,328
em_135.jpg,512,512,budding,92,326,119,349
em_135.jpg,512,512,enveloped,235,269,259,294
em_135.jpg,512,512,budding,134,393,156,415
em_135.jpg,512,512,budding,43,419,66,441
em_135.jpg,512,512,enveloped,361,371,387,395
em_135.jpg,512,512,budding,341,217,363,237
em_135.jpg,512,512,budding,334,238,363,262
em_135.jpg,512,512,budding,383,262,407,281
em_135.jpg,512,512,budding,409,260,436,284
em_135.jpg,512,512,budding,368,179,392,203
em_135.jpg,512,512,budding,400,242,419,262
em_135.jpg,512,512,budding,383,242,403,261
em_135.jpg,512,512,naked,434,50,458,73
em_184.jpg,512,512,enveloped,146,103,165,120
em_184.jpg,512,512,enveloped,161,115,177,130
em_184.jpg,512,512,enveloped,170,127,186,143
em_184.jpg,512,512,enveloped,226,224,243,240
em_184.jpg,512,512,enveloped,259,381,276,396
em_184.jpg,512,512,enveloped,306,445,322,460
em_184.jpg,512,512,enveloped,452,284,468,298
em_184.jpg,512,512,budding,361,236,377,252
em_184.jpg,512,512,naked,423,133,441,151
em_184.jpg,512,512,budding,473,125,489,142
em_184.jpg,512,512,enveloped,225,353,241,369
em_184.jpg,512,512,enveloped,352,251,368,266
em_186.jpg,512,512,budding,283,104,299,119
em_186.jpg,512,512,enveloped,282,9,298,24
em_186.jpg,512,512,enveloped,100,291,117,306
em_186.jpg,512,512,enveloped,265,438,281,453
em_186.jpg,512,512,budding,379,337,396,351
em_186.jpg,512,512,budding,409,261,428,278
em_186.jpg,512,512,enveloped,388,196,402,209
em_186.jpg,512,512,enveloped,445,160,460,175
em_186.jpg,512,512,enveloped,480,32,499,53
em_186.jpg,512,512,budding,78,63,95,82
em_238.jpg,512,512,naked,261,69,277,86
em_238.jpg,512,512,budding,270,30,285,45
em_238.jpg,512,512,budding,206,318,220,331
em_238.jpg,512,512,enveloped,277,403,292,417
em_238.jpg,512,512,budding,266,346,281,361
em_238.jpg,512,512,enveloped,165,460,182,475
em_238.jpg,512,512,enveloped,368,453,383,468
em_238.jpg,512,512,enveloped,398,450,414,464
em_238.jpg,512,512,budding,459,469,475,484
em_238.jpg,512,512,enveloped,488,402,504,417
em_238.jpg,512,512,enveloped,392,385,407,399
em_238.jpg,512,512,enveloped,415,289,431,305
em_238.jpg,512,512,enveloped,390,170,408,186
em_238.jpg,512,512,budding,406,163,423,183
em_238.jpg,512,512,budding,489,122,508,139
em_238.jpg,512,512,budding,75,341,91,357
em_125.jpg,512,512,naked,135,5,157,25
em_125.jpg,512,512,naked,159,17,179,37
em_125.jpg,512,512,naked,145,34,165,53
em_125.jpg,512,512,naked,112,61,133,81
em_125.jpg,512,512,naked,54,92,79,112
em_125.jpg,512,512,naked,82,98,106,119
em_125.jpg,512,512,naked,126,91,146,112
em_125.jpg,512,512,naked,190,76,214,99
em_125.jpg,512,512,naked,238,47,257,69
em_125.jpg,512,512,naked,240,8,266,34
em_125.jpg,512,512,naked,301,68,321,87
em_125.jpg,512,512,naked,289,87,314,109
em_125.jpg,512,512,naked,96,139,120,163
em_125.jpg,512,512,naked,69,153,91,177
em_125.jpg,512,512,naked,92,163,124,187
em_125.jpg,512,512,naked,30,205,53,226
em_125.jpg,512,512,naked,113,187,134,208
em_125.jpg,512,512,naked,286,135,310,157
em_125.jpg,512,512,naked,223,167,243,187
em_125.jpg,512,512,naked,147,201,169,222
em_125.jpg,512,512,naked,209,224,229,244
em_125.jpg,512,512,naked,331,176,351,197
em_125.jpg,512,512,naked,331,198,352,219
em_125.jpg,512,512,naked,376,145,398,169
em_125.jpg,512,512,naked,397,161,420,183
em_125.jpg,512,512,naked,459,185,479,208
em_125.jpg,512,512,naked,440,203,463,222
em_125.jpg,512,512,naked,275,246,297,266
em_125.jpg,512,512,naked,493,251,511,272
em_125.jpg,512,512,naked,264,266,284,286
em_125.jpg,512,512,naked,178,285,199,304
em_125.jpg,512,512,naked,188,317,209,337
em_125.jpg,512,512,naked,182,335,204,356
em_125.jpg,512,512,naked,236,341,255,360
em_125.jpg,512,512,naked,259,352,280,370
em_125.jpg,512,512,naked,389,403,415,422
em_125.jpg,512,512,naked,487,387,510,410
em_125.jpg,512,512,naked,297,488,327,509
em_125.jpg,512,512,naked,301,466,327,490
em_125.jpg,512,512,naked,321,470,350,493
em_125.jpg,512,512,naked,350,473,375,496
em_125.jpg,512,512,naked,332,491,361,512
em_125.jpg,512,512,naked,113,471,135,495
em_125.jpg,512,512,naked,71,377,96,405
em_125.jpg,512,512,naked,119,375,142,397
em_125.jpg,512,512,naked,70,244,92,266
em_125.jpg,512,512,naked,18,240,39,262
em_125.jpg,512,512,naked,86,10,107,30
em_125.jpg,512,512,naked,264,4,286,26
em_125.jpg,512,512,naked,470,103,492,123
em_125.jpg,512,512,naked,170,36,191,55
em_125.jpg,512,512,naked,92,47,114,66
em_125.jpg,512,512,naked,123,168,146,187
em_125.jpg,512,512,naked,286,176,309,197
em_125.jpg,512,512,naked,298,315,319,332
em_125.jpg,512,512,naked,90,310,113,333
em_125.jpg,512,512,naked,94,386,117,410
em_125.jpg,512,512,naked,64,419,89,441
em_125.jpg,512,512,naked,135,396,159,419
em_125.jpg,512,512,naked,158,382,182,404
em_125.jpg,512,512,naked,394,293,419,313
em_125.jpg,512,512,naked,435,307,458,328
em_125.jpg,512,512,naked,454,323,477,344
em_125.jpg,512,512,naked,425,373,447,395
em_125.jpg,512,512,naked,432,430,455,452
em_126.jpg,512,512,naked,50,95,74,118
em_126.jpg,512,512,naked,92,101,121,127
em_126.jpg,512,512,naked,93,202,118,224
em_126.jpg,512,512,naked,128,43,156,70
em_126.jpg,512,512,naked,356,52,383,80
em_126.jpg,512,512,naked,341,133,367,159
em_126.jpg,512,512,naked,362,231,387,253
em_126.jpg,512,512,naked,370,353,393,379
em_126.jpg,512,512,naked,313,452,340,474
em_126.jpg,512,512,naked,282,461,311,483
em_126.jpg,512,512,budding,249,469,278,495
em_126.jpg,512,512,naked,213,281,239,306
em_126.jpg,512,512,naked,55,251,82,276
em_126.jpg,512,512,naked,185,260,207,283
em_126.jpg,512,512,naked,101,407,125,430
em_126.jpg,512,512,naked,484,0,506,14
em_126.jpg,512,512,naked,241,147,268,173
em_126.jpg,512,512,naked,12,265,40,288
em_126.jpg,512,512,naked,163,228,191,252
em_126.jpg,512,512,naked,340,268,368,295
